x,y,sxx,sxy,syx,syy
0,0,-40.77,-8.55728,-8.55728,-12.2494
0.1,0,-26.3516,1.0933,1.0933,0.611406
0.2,0,-27.268,0.261,0.261,0.177552
0.3,0,-27.3726,0.10691,0.10691,0.0151912
0.4,0,-27.1919,0.0784689,0.0784689,-0.00338249
0.5,0,-26.8433,0.0758873,0.0758873,-0.00411975
0.6,0,-26.3932,0.0814311,0.0814311,-0.00278482
0.7,0,-25.8886,0.0897695,0.0897695,-0.00160193
0.8,0,-25.3585,0.0987968,0.0987968,-0.000863723
0.9,0,-24.8192,0.107643,0.107643,-0.000485123
1,0,-24.2792,0.115967,0.115967,-0.00033478
1.1,0,-23.7425,0.123656,0.123656,-0.000312386
1.2,0,-23.2109,0.130691,0.130691,-0.000355492
1.3,0,-22.6851,0.137087,0.137087,-0.000429341
1.4,0,-22.1653,0.142867,0.142867,-0.000516052
1.5,0,-21.6515,0.148061,0.148061,-0.000606957
1.6,0,-21.1438,0.152693,0.152693,-0.000698023
1.7,0,-20.6422,0.15679,0.15679,-0.000787389
1.8,0,-20.1467,0.160374,0.160374,-0.000874142
1.9,0,-19.6572,0.163468,0.163468,-0.000957761
2,0,-19.1737,0.166095,0.166095,-0.00103788
2.1,0,-18.6962,0.168275,0.168275,-0.00111421
2.2,0,-18.2248,0.17003,0.17003,-0.00118648
2.3,0,-17.7594,0.171379,0.171379,-0.00125446
2.4,0,-17.3,0.172342,0.172342,-0.00131796
2.5,0,-16.8467,0.172939,0.172939,-0.00137682
2.6,0,-16.3993,0.173188,0.173188,-0.0014309
2.7,0,-15.958,0.173106,0.173106,-0.00148012
2.8,0,-15.5228,0.172712,0.172712,-0.00152439
2.9,0,-15.0935,0.172024,0.172024,-0.00156369
3,0,-14.6703,0.171057,0.171057,-0.001598
3.1,0,-14.2531,0.169828,0.169828,-0.00162733
3.2,0,-13.8419,0.168352,0.168352,-0.00165173
3.3,0,-13.4368,0.166646,0.166646,-0.00167126
3.4,0,-13.0376,0.164723,0.164723,-0.00168598
3.5,0,-12.6445,0.162599,0.162599,-0.001696
3.6,0,-12.2574,0.160287,0.160287,-0.00170143
3.7,0,-11.8763,0.157802,0.157802,-0.00170239
3.8,0,-11.5013,0.155155,0.155155,-0.00169902
3.9,0,-11.1322,0.15236,0.15236,-0.00169146
4,0,-10.7692,0.14943,0.14943,-0.00167988
4.1,0,-10.4122,0.146375,0.146375,-0.00166443
4.2,0,-10.0612,0.143208,0.143208,-0.0016453
4.3,0,-9.71623,0.139941,0.139941,-0.00162267
4.4,0,-9.37728,0.136582,0.136582,-0.0015967
4.5,0,-9.04433,0.133144,0.133144,-0.0015676
4.6,0,-8.7174,0.129636,0.129636,-0.00153556
4.7,0,-8.39648,0.126068,0.126068,-0.00150075
4.8,0,-8.08158,0.122449,0.122449,-0.00146339
4.9,0,-7.77268,0.118788,0.118788,-0.00142366
5,0,-7.4698,0.115093,0.115093,-0.00138176
5.1,0,-7.17293,0.111374,0.111374,-0.00133788
5.2,0,-6.88207,0.107637,0.107637,-0.0012922
5.3,0,-6.59721,0.103892,0.103892,-0.00124492
5.4,0,-6.31837,0.100144,0.100144,-0.00119623
5.5,0,-6.04554,0.0964009,0.0964009,-0.0011463
5.6,0,-5.77871,0.0926697,0.0926697,-0.00109532
5.7,0,-5.51789,0.0889567,0.0889567,-0.00104346
5.8,0,-5.26307,0.0852679,0.0852679,-0.000990891
5.9,0,-5.01427,0.0816092,0.0816092,-0.000937778
6,0,-4.77147,0.0779863,0.0779863,-0.000884282
6.1,0,-4.53467,0.0744044,0.0744044,-0.000830561
6.2,0,-4.30388,0.0708686,0.0708686,-0.000776765
6.3,0,-4.07909,0.0673837,0.0673837,-0.000723038
6.4,0,-3.86031,0.0639542,0.0639542,-0.000669521
6.5,0,-3.64753,0.0605845,0.0605845,-0.000616347
6.6,0,-3.44075,0.0572785,0.0572785,-0.000563645
6.7,0,-3.23998,0.0540403,0.0540403,-0.000511536
6.8,0,-3.0452,0.0508733,0.0508733,-0.000460137
6.9,0,-2.85643,0.047781,0.047781,-0.000409558
7,0,-2.67366,0.0447666,0.0447666,-0.000359904
7.1,0,-2.4969,0.041833,0.041833,-0.000311272
7.2,0,-2.32613,0.0389831,0.0389831,-0.000263757
7.3,0,-2.16136,0.0362195,0.0362195,-0.000217445
7.4,0,-2.0026,0.0335446,0.0335446,-0.000172417
7.5,0,-1.84983,0.0309606,0.0309606,-0.00012875
7.6,0,-1.70307,0.0284696,0.0284696,-8.65E-05
7.7,0,-1.5623,0.0260735,0.0260735,-4.58E-05
7.8,0,-1.42753,0.0237742,0.0237742,-6.59E-06
7.9,0,-1.29876,0.0215731,0.0215731,3.10E-05
8,0,-1.17599,0.0194717,0.0194717,6.69E-05
8.1,0,-1.05922,0.0174715,0.0174715,0.000101092
8.2,0,-0.948452,0.0155734,0.0155734,0.000133544
8.3,0,-0.843678,0.0137788,0.0137788,0.000164209
8.4,0,-0.744901,0.0120884,0.0120884,0.000193054
8.5,0,-0.652123,0.0105031,0.0105031,0.000220049
8.6,0,-0.565342,0.00902363,0.00902363,0.000245171
8.7,0,-0.484559,0.00765065,0.00765065,0.000268405
8.8,0,-0.409772,0.00638465,0.00638465,0.000289752
8.9,0,-0.340982,0.00522604,0.00522604,0.000309252
9,0,-0.27819,0.0041752,0.0041752,0.000327024
9.1,0,-0.221399,0.0032325,0.0032325,0.000343342
9.2,0,-0.170621,0.00239859,0.00239859,0.000358775
9.3,0,-0.125884,0.00167497,0.00167497,0.000374384
9.4,0,-0.0872556,0.00106537,0.00106537,0.000391933
9.5,0,-0.05488,0.000578671,0.000578671,0.000413781
9.6,0,-0.0290447,0.000235101,0.000235101,0.000441322
9.7,0,-0.0102727,7.85E-05,7.85E-05,0.000467336
9.8,0,0.000613555,0.000198908,0.000198908,0.000440785
9.9,0,0.00282907,0.000702716,0.000702716,0.000173312
10,0,0.000191144,0.000308992,0.000308992,0.00016665
0,0.1,-22.7229,-3.03982,-3.03982,-9.0086
0.1,0.1,-24.0917,-2.13658,-2.13658,-1.74134
0.2,0.1,-23.3265,-0.62577,-0.62577,-0.217586
0.3,0.1,-22.5745,-0.319432,-0.319432,0.0209947
0.4,0.1,-22.0502,-0.319035,-0.319035,0.0429325
0.5,0.1,-21.6012,-0.36109,-0.36109,0.0320787
0.6,0.1,-21.168,-0.391886,-0.391886,0.0196164
0.7,0.1,-20.7349,-0.406006,-0.406006,0.0110898
0.8,0.1,-20.3004,-0.408005,-0.408005,0.00634246
0.9,0.1,-19.8663,-0.402912,-0.402912,0.00414775
1,0.1,-19.4343,-0.394248,-0.394248,0.00342944
1.1,0.1,-19.0057,-0.38409,-0.38409,0.00347683
1.2,0.1,-18.5813,-0.373531,-0.373531,0.00388121
1.3,0.1,-18.1613,-0.363096,-0.363096,0.00442908
1.4,0.1,-17.7461,-0.353011,-0.353011,0.00501788
1.5,0.1,-17.3357,-0.343355,-0.343355,0.00560254
1.6,0.1,-16.9301,-0.334144,-0.334144,0.00616547
1.7,0.1,-16.5293,-0.325369,-0.325369,0.00670118
1.8,0.1,-16.1332,-0.317013,-0.317013,0.00720904
1.9,0.1,-15.742,-0.309054,-0.309054,0.00769004
2,0.1,-15.3556,-0.301473,-0.301473,0.00814555
2.1,0.1,-14.974,-0.294253,-0.294253,0.0085769
2.2,0.1,-14.5972,-0.287375,-0.287375,0.00898525
2.3,0.1,-14.2252,-0.280822,-0.280822,0.00937162
2.4,0.1,-13.858,-0.27458,-0.27458,0.00973692
2.5,0.1,-13.4956,-0.268633,-0.268633,0.010082
2.6,0.1,-13.1381,-0.262965,-0.262965,0.0104076
2.7,0.1,-12.7853,-0.257562,-0.257562,0.0107143
2.8,0.1,-12.4373,-0.25241,-0.25241,0.011003
2.9,0.1,-12.0941,-0.247496,-0.247496,0.0112743
3,0.1,-11.7557,-0.242805,-0.242805,0.0115286
3.1,0.1,-11.4222,-0.238326,-0.238326,0.0117667
3.2,0.1,-11.0934,-0.234044,-0.234044,0.0119891
3.3,0.1,-10.7694,-0.229949,-0.229949,0.0121962
3.4,0.1,-10.4502,-0.226029,-0.226029,0.0123886
3.5,0.1,-10.1359,-0.22227,-0.22227,0.0125668
3.6,0.1,-9.82632,-0.218663,-0.218663,0.0127312
3.7,0.1,-9.52157,-0.215197,-0.215197,0.0128823
3.8,0.1,-9.22161,-0.211861,-0.211861,0.0130205
3.9,0.1,-8.92646,-0.208644,-0.208644,0.0131461
4,0.1,-8.63611,-0.205538,-0.205538,0.0132597
4.1,0.1,-8.35056,-0.202532,-0.202532,0.0133614
4.2,0.1,-8.06982,-0.199617,-0.199617,0.0134518
4.3,0.1,-7.79387,-0.196784,-0.196784,0.0135312
4.4,0.1,-7.52273,-0.194024,-0.194024,0.0135998
4.5,0.1,-7.25639,-0.19133,-0.19133,0.013658
4.6,0.1,-6.99485,-0.188693,-0.188693,0.0137061
4.7,0.1,-6.73811,-0.186105,-0.186105,0.0137444
4.8,0.1,-6.48618,-0.183559,-0.183559,0.0137732
4.9,0.1,-6.23904,-0.181048,-0.181048,0.0137928
5,0.1,-5.99671,-0.178564,-0.178564,0.0138035
5.1,0.1,-5.75917,-0.176102,-0.176102,0.0138055
5.2,0.1,-5.52644,-0.173654,-0.173654,0.013799
5.3,0.1,-5.2985,-0.171215,-0.171215,0.0137844
5.4,0.1,-5.07537,-0.168779,-0.168779,0.0137619
5.5,0.1,-4.85704,-0.16634,-0.16634,0.0137316
5.6,0.1,-4.64351,-0.163892,-0.163892,0.013694
5.7,0.1,-4.43477,-0.161431,-0.161431,0.0136491
5.8,0.1,-4.23084,-0.158951,-0.158951,0.0135972
5.9,0.1,-4.0317,-0.156448,-0.156448,0.0135385
6,0.1,-3.83737,-0.153917,-0.153917,0.0134732
6.1,0.1,-3.64783,-0.151355,-0.151355,0.0134017
6.2,0.1,-3.4631,-0.148756,-0.148756,0.0133239
6.3,0.1,-3.28316,-0.146118,-0.146118,0.0132402
6.4,0.1,-3.10802,-0.143436,-0.143436,0.0131508
6.5,0.1,-2.93768,-0.140707,-0.140707,0.0130558
6.6,0.1,-2.77214,-0.137927,-0.137927,0.0129555
6.7,0.1,-2.61139,-0.135094,-0.135094,0.01285
6.8,0.1,-2.45545,-0.132205,-0.132205,0.0127395
6.9,0.1,-2.3043,-0.129257,-0.129257,0.0126242
7,0.1,-2.15796,-0.126247,-0.126247,0.0125043
7.1,0.1,-2.01641,-0.123174,-0.123174,0.0123799
7.2,0.1,-1.87965,-0.120033,-0.120033,0.0122512
7.3,0.1,-1.7477,-0.116825,-0.116825,0.0121184
7.4,0.1,-1.62055,-0.113546,-0.113546,0.0119817
7.5,0.1,-1.49819,-0.110194,-0.110194,0.0118411
7.6,0.1,-1.38063,-0.106769,-0.106769,0.0116969
7.7,0.1,-1.26787,-0.103269,-0.103269,0.0115492
7.8,0.1,-1.1599,-0.0996912,-0.0996912,0.0113982
7.9,0.1,-1.05674,-0.0960355,-0.0960355,0.0112439
8,0.1,-0.958369,-0.0923004,-0.0923004,0.0110866
8.1,0.1,-0.864799,-0.0884849,-0.0884849,0.0109263
8.2,0.1,-0.776026,-0.0845879,-0.0845879,0.0107632
8.3,0.1,-0.69205,-0.0806087,-0.0806087,0.0105975
8.4,0.1,-0.612873,-0.0765464,-0.0765464,0.0104291
8.5,0.1,-0.538493,-0.0724003,-0.0724003,0.0102584
8.6,0.1,-0.46891,-0.0681699,-0.0681699,0.0100853
8.7,0.1,-0.404125,-0.0638546,-0.0638546,0.00990989
8.8,0.1,-0.344138,-0.0594539,-0.0594539,0.00973225
8.9,0.1,-0.288949,-0.0549667,-0.0549667,0.0095521
9,0.1,-0.23856,-0.0503911,-0.0503911,0.00936871
9.1,0.1,-0.192973,-0.0457227,-0.0457227,0.00918024
9.2,0.1,-0.152195,-0.0409523,-0.0409523,0.00898269
9.3,0.1,-0.116237,-0.03606,-0.03606,0.00876801
9.4,0.1,-0.0851238,-0.0310081,-0.0310081,0.00852152
9.5,0.1,-0.0588895,-0.0257296,-0.0257296,0.00821968
9.6,0.1,-0.0375779,-0.0201228,-0.0201228,0.0078333
9.7,0.1,-0.0212042,-0.0140805,-0.0140805,0.00735636
9.8,0.1,-0.0096428,-0.0076596,-0.0076596,0.00694415
9.9,0.1,-0.0024946,-0.00169058,-0.00169058,0.0075258
10,0.1,0.000230422,0.000960207,0.000960207,0.0125644
0,0.2,-15.9896,-0.460506,-0.460506,-6.81112
0.1,0.2,-17.4514,-1.60581,-1.60581,-3.05909
0.2,0.2,-17.6929,-1.24788,-1.24788,-0.87108
0.3,0.2,-17.2824,-0.934469,-0.934469,-0.136851
0.4,0.2,-16.7918,-0.829699,-0.829699,0.0450868
0.5,0.2,-16.3488,-0.813747,-0.813747,0.0643297
0.6,0.2,-15.954,-0.818358,-0.818358,0.0464719
0.7,0.2,-15.5905,-0.820958,-0.820958,0.0273403
0.8,0.2,-15.2453,-0.817404,-0.817404,0.0145429
0.9,0.2,-14.9109,-0.808929,-0.808929,0.00764537
1,0.2,-14.5835,-0.797526,-0.797526,0.0046624
1.1,0.2,-14.2611,-0.784703,-0.784703,0.00389937
1.2,0.2,-13.9429,-0.771373,-0.771373,0.00425967
1.3,0.2,-13.6283,-0.758019,-0.758019,0.00512525
1.4,0.2,-13.3175,-0.74487,-0.74487,0.00618014
1.5,0.2,-13.0102,-0.73202,-0.73202,0.00727628
1.6,0.2,-12.7064,-0.719496,-0.719496,0.00835067
1.7,0.2,-12.4063,-0.707298,-0.707298,0.00938005
1.8,0.2,-12.1097,-0.695416,-0.695416,0.0103581
1.9,0.2,-11.8167,-0.683834,-0.683834,0.011285
2,0.2,-11.5273,-0.672537,-0.672537,0.0121627
2.1,0.2,-11.2414,-0.661511,-0.661511,0.0129937
2.2,0.2,-10.9592,-0.650743,-0.650743,0.01378
2.3,0.2,-10.6805,-0.640221,-0.640221,0.0145235
2.4,0.2,-10.4054,-0.629932,-0.629932,0.0152258
2.5,0.2,-10.1339,-0.619864,-0.619864,0.0158882
2.6,0.2,-9.86595,-0.610007,-0.610007,0.0165121
2.7,0.2,-9.60161,-0.60035,-0.60035,0.0170987
2.8,0.2,-9.34086,-0.590881,-0.590881,0.017649
2.9,0.2,-9.08369,-0.581592,-0.581592,0.0181642
3,0.2,-8.83011,-0.572471,-0.572471,0.0186454
3.1,0.2,-8.58011,-0.563509,-0.563509,0.0190935
3.2,0.2,-8.3337,-0.554696,-0.554696,0.0195097
3.3,0.2,-8.09088,-0.546024,-0.546024,0.0198948
3.4,0.2,-7.85165,-0.537484,-0.537484,0.0202498
3.5,0.2,-7.61601,-0.529066,-0.529066,0.0205756
3.6,0.2,-7.38396,-0.520763,-0.520763,0.0208732
3.7,0.2,-7.15549,-0.512566,-0.512566,0.0211434
3.8,0.2,-6.93062,-0.504468,-0.504468,0.0213871
3.9,0.2,-6.70934,-0.49646,-0.49646,0.0216051
4,0.2,-6.49164,-0.488535,-0.488535,0.0217983
4.1,0.2,-6.27754,-0.480687,-0.480687,0.0219673
4.2,0.2,-6.06703,-0.472908,-0.472908,0.0221131
4.3,0.2,-5.8601,-0.465191,-0.465191,0.0222363
4.4,0.2,-5.65677,-0.45753,-0.45753,0.0223377
4.5,0.2,-5.45703,-0.449919,-0.449919,0.0224181
4.6,0.2,-5.26089,-0.442351,-0.442351,0.0224781
4.7,0.2,-5.06833,-0.434822,-0.434822,0.0225183
4.8,0.2,-4.87937,-0.427324,-0.427324,0.0225396
4.9,0.2,-4.694,-0.419853,-0.419853,0.0225425
5,0.2,-4.51222,-0.412404,-0.412404,0.0225277
5.1,0.2,-4.33404,-0.404972,-0.404972,0.0224959
5.2,0.2,-4.15944,-0.397551,-0.397551,0.0224476
5.3,0.2,-3.98845,-0.390137,-0.390137,0.0223834
5.4,0.2,-3.82104,-0.382727,-0.382727,0.0223039
5.5,0.2,-3.65723,-0.375314,-0.375314,0.0222098
5.6,0.2,-3.49701,-0.367896,-0.367896,0.0221015
5.7,0.2,-3.34039,-0.360469,-0.360469,0.0219796
5.8,0.2,-3.18736,-0.353028,-0.353028,0.0218447
5.9,0.2,-3.03792,-0.34557,-0.34557,0.0216973
6,0.2,-2.89208,-0.338093,-0.338093,0.0215379
6.1,0.2,-2.74983,-0.330591,-0.330591,0.0213669
6.2,0.2,-2.61118,-0.323064,-0.323064,0.021185
6.3,0.2,-2.47612,-0.315507,-0.315507,0.0209925
6.4,0.2,-2.34466,-0.307918,-0.307918,0.02079
6.5,0.2,-2.21679,-0.300294,-0.300294,0.0205779
6.6,0.2,-2.09252,-0.292633,-0.292633,0.0203566
6.7,0.2,-1.97184,-0.284933,-0.284933,0.0201266
6.8,0.2,-1.85476,-0.277191,-0.277191,0.0198882
6.9,0.2,-1.74127,-0.269404,-0.269404,0.019642
7,0.2,-1.63138,-0.261573,-0.261573,0.0193883
7.1,0.2,-1.52509,-0.253693,-0.253693,0.0191275
7.2,0.2,-1.42239,-0.245764,-0.245764,0.01886
7.3,0.2,-1.32329,-0.237784,-0.237784,0.0185861
7.4,0.2,-1.22778,-0.229752,-0.229752,0.0183062
7.5,0.2,-1.13587,-0.221666,-0.221666,0.0180207
7.6,0.2,-1.04756,-0.213524,-0.213524,0.0177298
7.7,0.2,-0.962845,-0.205327,-0.205327,0.0174339
7.8,0.2,-0.881726,-0.197072,-0.197072,0.0171333
7.9,0.2,-0.804204,-0.188759,-0.188759,0.0168283
8,0.2,-0.730279,-0.180386,-0.180386,0.0165192
8.1,0.2,-0.659951,-0.171954,-0.171954,0.0162063
8.2,0.2,-0.59322,-0.16346,-0.16346,0.0158897
8.3,0.2,-0.530086,-0.154905,-0.154905,0.0155699
8.4,0.2,-0.47055,-0.146288,-0.146288,0.015247
8.5,0.2,-0.414611,-0.137609,-0.137609,0.0149213
8.6,0.2,-0.362271,-0.128866,-0.128866,0.0145929
8.7,0.2,-0.313527,-0.12006,-0.12006,0.0142619
8.8,0.2,-0.268382,-0.111189,-0.111189,0.0139281
8.9,0.2,-0.226835,-0.102253,-0.102253,0.0135906
9,0.2,-0.188885,-0.0932504,-0.0932504,0.0132469
9.1,0.2,-0.154531,-0.0841759,-0.0841759,0.0128918
9.2,0.2,-0.123766,-0.0750214,-0.0750214,0.012514
9.3,0.2,-0.0965755,-0.0657707,-0.0657707,0.0120928
9.4,0.2,-0.0729269,-0.0563956,-0.0563956,0.0115937
9.5,0.2,-0.0527508,-0.0468543,-0.0468543,0.0109699
9.6,0.2,-0.0359157,-0.0371021,-0.0371021,0.0101875
9.7,0.2,-0.0222019,-0.0271409,-0.0271409,0.00932857
9.8,0.2,-0.0113422,-0.0171489,-0.0171489,0.00891399
9.9,0.2,-0.00335105,-0.00767337,-0.00767337,0.0107721
10,0.2,0.00042577,0.00046459,0.00046459,0.0199456
0,0.3,-10.5232,0.784039,0.784039,-4.50754
0.1,0.3,-11.33,-0.808447,-0.808447,-2.46623
0.2,0.3,-11.6889,-1.2836,-1.2836,-0.977173
0.3,0.3,-11.5916,-1.30653,-1.30653,-0.254356
0.4,0.3,-11.3009,-1.24836,-1.24836,-0.00109983
0.5,0.3,-10.9814,-1.2009,-1.2009,0.0541132
0.6,0.3,-10.6863,-1.16932,-1.16932,0.0467499
0.7,0.3,-10.4206,-1.1466,-1.1466,0.0283809
0.8,0.3,-10.1769,-1.12787,-1.12787,0.014044
0.9,0.3,-9.94714,-1.11084,-1.11084,0.0057639
1,0.3,-9.72589,-1.09457,-1.09457,0.0020382
1.1,0.3,-9.50999,-1.0787,-1.0787,0.0010613
1.2,0.3,-9.29778,-1.06313,-1.06313,0.00153334
1.3,0.3,-9.08847,-1.04782,-1.04782,0.00267924
1.4,0.3,-8.88172,-1.03275,-1.03275,0.00408717
1.5,0.3,-8.67737,-1.01792,-1.01792,0.00555788
1.6,0.3,-8.47539,-1.00332,-1.00332,0.00700392
1.7,0.3,-8.27577,-0.988934,-0.988934,0.00839166
1.8,0.3,-8.0785,-0.974763,-0.974763,0.00971124
1.9,0.3,-7.88359,-0.960792,-0.960792,0.0109621
2,0.3,-7.69104,-0.94701,-0.94701,0.0121467
2.1,0.3,-7.50086,-0.93341,-0.93341,0.0132681
2.2,0.3,-7.31304,-0.919981,-0.919981,0.0143292
2.3,0.3,-7.1276,-0.906716,-0.906716,0.0153323
2.4,0.3,-6.94452,-0.893607,-0.893607,0.0162794
2.5,0.3,-6.76381,-0.880646,-0.880646,0.0171725
2.6,0.3,-6.58548,-0.867826,-0.867826,0.0180132
2.7,0.3,-6.40952,-0.855139,-0.855139,0.018803
2.8,0.3,-6.23593,-0.842578,-0.842578,0.0195433
2.9,0.3,-6.06471,-0.830137,-0.830137,0.0202357
3,0.3,-5.89587,-0.817809,-0.817809,0.0208815
3.1,0.3,-5.72941,-0.805588,-0.805588,0.021482
3.2,0.3,-5.56532,-0.793466,-0.793466,0.0220387
3.3,0.3,-5.4036,-0.781439,-0.781439,0.0225527
3.4,0.3,-5.24427,-0.7695,-0.7695,0.0230253
3.5,0.3,-5.08731,-0.757643,-0.757643,0.0234579
3.6,0.3,-4.93274,-0.745863,-0.745863,0.0238516
3.7,0.3,-4.78054,-0.734155,-0.734155,0.0242076
3.8,0.3,-4.63072,-0.722512,-0.722512,0.0245272
3.9,0.3,-4.48328,-0.710931,-0.710931,0.0248114
4,0.3,-4.33823,-0.699405,-0.699405,0.0250614
4.1,0.3,-4.19555,-0.687931,-0.687931,0.0252782
4.2,0.3,-4.05526,-0.676504,-0.676504,0.0254631
4.3,0.3,-3.91735,-0.665119,-0.665119,0.025617
4.4,0.3,-3.78183,-0.653772,-0.653772,0.025741
4.5,0.3,-3.64869,-0.642458,-0.642458,0.0258361
4.6,0.3,-3.51793,-0.631174,-0.631174,0.0259033
4.7,0.3,-3.38956,-0.619916,-0.619916,0.0259436
4.8,0.3,-3.26358,-0.60868,-0.60868,0.0259579
4.9,0.3,-3.13998,-0.597462,-0.597462,0.0259472
5,0.3,-3.01877,-0.586259,-0.586259,0.0259124
5.1,0.3,-2.89994,-0.575068,-0.575068,0.0258543
5.2,0.3,-2.7835,-0.563885,-0.563885,0.025774
5.3,0.3,-2.66945,-0.552707,-0.552707,0.0256722
5.4,0.3,-2.55779,-0.541531,-0.541531,0.0255498
5.5,0.3,-2.44852,-0.530355,-0.530355,0.0254076
5.6,0.3,-2.34164,-0.519176,-0.519176,0.0252464
5.7,0.3,-2.23714,-0.507991,-0.507991,0.025067
5.8,0.3,-2.13504,-0.496797,-0.496797,0.0248702
5.9,0.3,-2.03532,-0.485593,-0.485593,0.0246567
6,0.3,-1.938,-0.474376,-0.474376,0.0244273
6.1,0.3,-1.84307,-0.463143,-0.463143,0.0241827
6.2,0.3,-1.75053,-0.451893,-0.451893,0.0239236
6.3,0.3,-1.66038,-0.440624,-0.440624,0.0236507
6.4,0.3,-1.57263,-0.429334,-0.429334,0.0233647
6.5,0.3,-1.48726,-0.418022,-0.418022,0.0230661
6.6,0.3,-1.40429,-0.406684,-0.406684,0.0227557
6.7,0.3,-1.32372,-0.395321,-0.395321,0.022434
6.8,0.3,-1.24553,-0.38393,-0.38393,0.0221016
6.9,0.3,-1.16974,-0.37251,-0.37251,0.0217592
7,0.3,-1.09635,-0.36106,-0.36106,0.0214073
7.1,0.3,-1.02535,-0.349579,-0.349579,0.0210465
7.2,0.3,-0.956738,-0.338064,-0.338064,0.0206772
7.3,0.3,-0.890527,-0.326516,-0.326516,0.0203001
7.4,0.3,-0.82671,-0.314934,-0.314934,0.0199155
7.5,0.3,-0.765289,-0.303316,-0.303316,0.019524
7.6,0.3,-0.706264,-0.291661,-0.291661,0.019126
7.7,0.3,-0.649634,-0.279969,-0.279969,0.0187221
7.8,0.3,-0.595401,-0.268238,-0.268238,0.0183125
7.9,0.3,-0.543564,-0.256469,-0.256469,0.0178978
8,0.3,-0.494124,-0.244661,-0.244661,0.0174782
8.1,0.3,-0.44708,-0.232813,-0.232813,0.0170543
8.2,0.3,-0.402434,-0.220924,-0.220924,0.0166264
8.3,0.3,-0.360184,-0.208995,-0.208995,0.0161947
8.4,0.3,-0.320332,-0.197024,-0.197024,0.0157598
8.5,0.3,-0.282878,-0.185012,-0.185012,0.0153217
8.6,0.3,-0.247822,-0.172957,-0.172957,0.0148809
8.7,0.3,-0.215163,-0.16086,-0.16086,0.0144373
8.8,0.3,-0.184903,-0.148721,-0.148721,0.0139906
8.9,0.3,-0.157039,-0.136538,-0.136538,0.0135395
9,0.3,-0.131571,-0.124313,-0.124313,0.013081
9.1,0.3,-0.108493,-0.112044,-0.112044,0.0126082
9.2,0.3,-0.0877916,-0.099733,-0.099733,0.0121072
9.3,0.3,-0.0694383,-0.0873816,-0.0873816,0.0115538
9.4,0.3,-0.0533765,-0.0749967,-0.0749967,0.0109104
9.5,0.3,-0.0395031,-0.0625944,-0.0625944,0.0101331
9.6,0.3,-0.0276518,-0.050209,-0.050209,0.00921211
9.7,0.3,-0.0176077,-0.037898,-0.037898,0.00829902
9.8,0.3,-0.00922532,-0.0257067,-0.0257067,0.00802815
9.9,0.3,-0.0027935,-0.013449,-0.013449,0.0101793
10,0.3,0.00034323,5.01E-05,5.01E-05,0.0187039
0,0.4,-5.22328,1.40324,1.40324,-2.23837
0.1,0.4,-5.58411,-0.338418,-0.338418,-1.3293
0.2,0.4,-5.78807,-1.18125,-1.18125,-0.606861
0.3,0.4,-5.78864,-1.46256,-1.46256,-0.197654
0.4,0.4,-5.66735,-1.49671,-1.49671,-0.0283007
0.5,0.4,-5.50891,-1.45479,-1.45479,0.0184049
0.6,0.4,-5.35469,-1.40349,-1.40349,0.0194469
0.7,0.4,-5.2154,-1.36112,-1.36112,0.00990021
0.8,0.4,-5.08945,-1.32899,-1.32899,0.00164476
0.9,0.4,-4.97262,-1.30416,-1.30416,-0.0029965
1,0.4,-4.86142,-1.28372,-1.28372,-0.00467428
1.1,0.4,-4.75363,-1.26569,-1.26569,-0.00450812
1.2,0.4,-4.64803,-1.2489,-1.2489,-0.0033666
1.3,0.4,-4.54401,-1.23276,-1.23276,-0.00178537
1.4,0.4,-4.4413,-1.21695,-1.21695,-5.42E-05
1.5,0.4,-4.33978,-1.20135,-1.20135,0.00168571
1.6,0.4,-4.23941,-1.18589,-1.18589,0.00337283
1.7,0.4,-4.14019,-1.17055,-1.17055,0.0049845
1.8,0.4,-4.04211,-1.15531,-1.15531,0.00651525
1.9,0.4,-3.94518,-1.14017,-1.14017,0.0079663
2,0.4,-3.8494,-1.12513,-1.12513,0.00934088
2.1,0.4,-3.75478,-1.11017,-1.11017,0.0106424
2.2,0.4,-3.66132,-1.0953,-1.0953,0.0118741
2.3,0.4,-3.56902,-1.08052,-1.08052,0.0130385
2.4,0.4,-3.47787,-1.0658,-1.0658,0.0141378
2.5,0.4,-3.38789,-1.05117,-1.05117,0.0151742
2.6,0.4,-3.29908,-1.0366,-1.0366,0.0161495
2.7,0.4,-3.21142,-1.0221,-1.0221,0.0170655
2.8,0.4,-3.12493,-1.00766,-1.00766,0.0179237
2.9,0.4,-3.03961,-0.993288,-0.993288,0.0187258
3,0.4,-2.95546,-0.978968,-0.978968,0.0194734
3.1,0.4,-2.87247,-0.964702,-0.964702,0.0201681
3.2,0.4,-2.79065,-0.950486,-0.950486,0.0208113
3.3,0.4,-2.71,-0.936318,-0.936318,0.0214045
3.4,0.4,-2.63053,-0.922194,-0.922194,0.0219493
3.5,0.4,-2.55222,-0.908111,-0.908111,0.0224471
3.6,0.4,-2.47509,-0.894067,-0.894067,0.0228992
3.7,0.4,-2.39913,-0.88006,-0.88006,0.0233072
3.8,0.4,-2.32434,-0.866086,-0.866086,0.0236723
3.9,0.4,-2.25073,-0.852143,-0.852143,0.023996
4,0.4,-2.17829,-0.838228,-0.838228,0.0242795
4.1,0.4,-2.10703,-0.824339,-0.824339,0.0245241
4.2,0.4,-2.03695,-0.810474,-0.810474,0.0247313
4.3,0.4,-1.96804,-0.796631,-0.796631,0.0249021
4.4,0.4,-1.90032,-0.782807,-0.782807,0.0250379
4.5,0.4,-1.83377,-0.769,-0.769,0.0251398
4.6,0.4,-1.76841,-0.755209,-0.755209,0.025209
4.7,0.4,-1.70422,-0.741431,-0.741431,0.0252468
4.8,0.4,-1.64122,-0.727664,-0.727664,0.0252542
4.9,0.4,-1.57939,-0.713907,-0.713907,0.0252324
5,0.4,-1.51876,-0.700158,-0.700158,0.0251824
5.1,0.4,-1.4593,-0.686415,-0.686415,0.0251054
5.2,0.4,-1.40103,-0.672676,-0.672676,0.0250024
5.3,0.4,-1.34394,-0.658941,-0.658941,0.0248745
5.4,0.4,-1.28804,-0.645207,-0.645207,0.0247226
5.5,0.4,-1.23332,-0.631474,-0.631474,0.0245477
5.6,0.4,-1.1798,-0.617739,-0.617739,0.0243509
5.7,0.4,-1.12745,-0.604001,-0.604001,0.024133
5.8,0.4,-1.0763,-0.59026,-0.59026,0.023895
5.9,0.4,-1.02633,-0.576513,-0.576513,0.0236378
6,0.4,-0.977554,-0.562761,-0.562761,0.0233622
6.1,0.4,-0.929965,-0.549001,-0.549001,0.0230692
6.2,0.4,-0.883566,-0.535233,-0.535233,0.0227596
6.3,0.4,-0.838357,-0.521455,-0.521455,0.0224342
6.4,0.4,-0.794339,-0.507668,-0.507668,0.0220937
6.5,0.4,-0.751512,-0.493869,-0.493869,0.0217391
6.6,0.4,-0.709876,-0.480058,-0.480058,0.021371
6.7,0.4,-0.669432,-0.466234,-0.466234,0.0209901
6.8,0.4,-0.630181,-0.452397,-0.452397,0.0205973
6.9,0.4,-0.592122,-0.438546,-0.438546,0.0201931
7,0.4,-0.555257,-0.42468,-0.42468,0.0197783
7.1,0.4,-0.519585,-0.410798,-0.410798,0.0193535
7.2,0.4,-0.485107,-0.3969,-0.3969,0.0189193
7.3,0.4,-0.451823,-0.382985,-0.382985,0.0184764
7.4,0.4,-0.419735,-0.369054,-0.369054,0.0180254
7.5,0.4,-0.388841,-0.355104,-0.355104,0.0175667
7.6,0.4,-0.359142,-0.341137,-0.341137,0.017101
7.7,0.4,-0.33064,-0.327151,-0.327151,0.0166289
7.8,0.4,-0.303333,-0.313146,-0.313146,0.0161506
7.9,0.4,-0.277222,-0.299122,-0.299122,0.0156669
8,0.4,-0.252308,-0.285078,-0.285078,0.0151781
8.1,0.4,-0.228591,-0.271014,-0.271014,0.0146848
8.2,0.4,-0.206071,-0.25693,-0.25693,0.0141872
8.3,0.4,-0.184748,-0.242826,-0.242826,0.0136858
8.4,0.4,-0.164623,-0.228702,-0.228702,0.0131811
8.5,0.4,-0.145696,-0.214556,-0.214556,0.0126733
8.6,0.4,-0.127967,-0.20039,-0.20039,0.0121627
8.7,0.4,-0.111435,-0.186202,-0.186202,0.0116496
8.8,0.4,-0.0961026,-0.171994,-0.171994,0.0111337
8.9,0.4,-0.0819674,-0.157765,-0.157765,0.0106143
9,0.4,-0.0690282,-0.143518,-0.143518,0.0100894
9.1,0.4,-0.0572807,-0.129258,-0.129258,0.00955432
9.2,0.4,-0.0467149,-0.114995,-0.114995,0.0090002
9.3,0.4,-0.0373099,-0.100751,-0.100751,0.00841157
9.4,0.4,-0.0290261,-0.0865657,-0.0865657,0.0077658
9.5,0.4,-0.0217948,-0.0725011,-0.0725011,0.00703988
9.6,0.4,-0.0155137,-0.0586396,-0.0586396,0.00623975
9.7,0.4,-0.0100666,-0.0450326,-0.0450326,0.00548278
9.8,0.4,-0.00540715,-0.031535,-0.031535,0.00518053
9.9,0.4,-0.00175563,-0.0173742,-0.0173742,0.0063589
10,0.4,0.0001728,-0.000290745,-0.000290745,0.0110294
0,0.5,0.0137705,1.58867,1.58867,0.00640783
0.1,0.5,0.0197753,-0.190466,-0.190466,-0.008664
0.2,0.5,0.0212088,-1.13721,-1.13721,-0.0168454
0.3,0.5,0.0203623,-1.50751,-1.50751,-0.0209657
0.4,0.5,0.0186338,-1.58316,-1.58316,-0.0226549
0.5,0.5,0.0166332,-1.5499,-1.5499,-0.022777
0.6,0.5,0.014574,-1.49465,-1.49465,-0.0218419
0.7,0.5,0.0125416,-1.4466,-1.4466,-0.0202131
0.8,0.5,0.0105874,-1.4105,-1.4105,-0.0181711
0.9,0.5,0.00874526,-1.3837,-1.3837,-0.015924
1,0.5,0.00703157,-1.36267,-1.36267,-0.0136147
1.1,0.5,0.00544775,-1.3448,-1.3448,-0.0113319
1.2,0.5,0.00398529,-1.32851,-1.32851,-0.00912489
1.3,0.5,0.00263094,-1.31294,-1.31294,-0.00701674
1.4,0.5,0.00137059,-1.29769,-1.29769,-0.00501497
1.5,0.5,0.000191478,-1.28255,-1.28255,-0.00311871
1.6,0.5,-0.000916881,-1.26745,-1.26745,-0.00132329
1.7,0.5,-0.00196255,-1.25236,-1.25236,0.000377146
1.8,0.5,-0.0029515,-1.23727,-1.23727,0.00198836
1.9,0.5,-0.00388804,-1.22217,-1.22217,0.00351544
2,0.5,-0.00477527,-1.20707,-1.20707,0.00496271
2.1,0.5,-0.00561548,-1.19197,-1.19197,0.00633373
2.2,0.5,-0.00641041,-1.17687,-1.17687,0.0076315
2.3,0.5,-0.00716149,-1.16177,-1.16177,0.00885857
2.4,0.5,-0.00786993,-1.14666,-1.14666,0.0100172
2.5,0.5,-0.00853686,-1.13156,-1.13156,0.0111093
2.6,0.5,-0.00916333,-1.11646,-1.11646,0.0121368
2.7,0.5,-0.00975038,-1.10135,-1.10135,0.0131015
2.8,0.5,-0.010299,-1.08625,-1.08625,0.0140051
2.9,0.5,-0.0108103,-1.07115,-1.07115,0.0148493
3,0.5,-0.0112852,-1.05605,-1.05605,0.0156356
3.1,0.5,-0.0117247,-1.04094,-1.04094,0.0163657
3.2,0.5,-0.0121298,-1.02584,-1.02584,0.0170413
3.3,0.5,-0.0125016,-1.01074,-1.01074,0.0176638
3.4,0.5,-0.0128409,-0.995638,-0.995638,0.0182348
3.5,0.5,-0.0131487,-0.980537,-0.980537,0.0187558
3.6,0.5,-0.0134261,-0.965437,-0.965437,0.0192284
3.7,0.5,-0.0136738,-0.950337,-0.950337,0.019654
3.8,0.5,-0.0138929,-0.935238,-0.935238,0.0200341
3.9,0.5,-0.0140843,-0.920139,-0.920139,0.0203701
4,0.5,-0.0142487,-0.905041,-0.905041,0.0206634
4.1,0.5,-0.0143872,-0.889944,-0.889944,0.0209155
4.2,0.5,-0.0145005,-0.874847,-0.874847,0.0211277
4.3,0.5,-0.0145896,-0.859751,-0.859751,0.0213013
4.4,0.5,-0.0146552,-0.844655,-0.844655,0.0214377
4.5,0.5,-0.0146982,-0.829561,-0.829561,0.0215381
4.6,0.5,-0.0147194,-0.814466,-0.814466,0.0216039
4.7,0.5,-0.0147195,-0.799373,-0.799373,0.0216363
4.8,0.5,-0.0146994,-0.78428,-0.78428,0.0216365
4.9,0.5,-0.0146598,-0.769188,-0.769188,0.0216058
5,0.5,-0.0146014,-0.754096,-0.754096,0.0215453
5.1,0.5,-0.014525,-0.739005,-0.739005,0.0214562
5.2,0.5,-0.0144312,-0.723915,-0.723915,0.0213396
5.3,0.5,-0.0143209,-0.708826,-0.708826,0.0211967
5.4,0.5,-0.0141947,-0.693736,-0.693736,0.0210285
5.5,0.5,-0.0140532,-0.678648,-0.678648,0.0208361
5.6,0.5,-0.0138971,-0.66356,-0.66356,0.0206205
5.7,0.5,-0.0137271,-0.648473,-0.648473,0.0203828
5.8,0.5,-0.0135438,-0.633386,-0.633386,0.020124
5.9,0.5,-0.0133478,-0.6183,-0.6183,0.0198451
6,0.5,-0.0131396,-0.603214,-0.603214,0.0195469
6.1,0.5,-0.01292,-0.588128,-0.588128,0.0192305
6.2,0.5,-0.0126894,-0.573044,-0.573044,0.0188968
6.3,0.5,-0.0124485,-0.557959,-0.557959,0.0185465
6.4,0.5,-0.0121977,-0.542875,-0.542875,0.0181807
6.5,0.5,-0.0119375,-0.527792,-0.527792,0.0178001
6.6,0.5,-0.0116686,-0.512709,-0.512709,0.0174056
6.7,0.5,-0.0113914,-0.497626,-0.497626,0.0169979
6.8,0.5,-0.0111064,-0.482543,-0.482543,0.0165778
6.9,0.5,-0.010814,-0.467461,-0.467461,0.0161461
7,0.5,-0.0105147,-0.452379,-0.452379,0.0157034
7.1,0.5,-0.010209,-0.437298,-0.437298,0.0152506
7.2,0.5,-0.00989729,-0.422217,-0.422217,0.0147882
7.3,0.5,-0.00957994,-0.407136,-0.407136,0.0143169
7.4,0.5,-0.00925738,-0.392055,-0.392055,0.0138374
7.5,0.5,-0.00892999,-0.376975,-0.376975,0.0133503
7.6,0.5,-0.00859814,-0.361895,-0.361895,0.0128561
7.7,0.5,-0.00826218,-0.346815,-0.346815,0.0123554
7.8,0.5,-0.00792245,-0.331735,-0.331735,0.0118487
7.9,0.5,-0.00757929,-0.316655,-0.316655,0.0113367
8,0.5,-0.00723299,-0.301575,-0.301575,0.0108197
8.1,0.5,-0.00688386,-0.286496,-0.286496,0.0102982
8.2,0.5,-0.00653217,-0.271417,-0.271417,0.00977271
8.3,0.5,-0.0061782,-0.256338,-0.256338,0.00924363
8.4,0.5,-0.0058222,-0.241258,-0.241258,0.00871136
8.5,0.5,-0.0054644,-0.226179,-0.226179,0.00817627
8.6,0.5,-0.00510502,-0.2111,-0.2111,0.00763873
8.7,0.5,-0.00474429,-0.196021,-0.196021,0.00709907
8.8,0.5,-0.00438242,-0.180943,-0.180943,0.00655762
8.9,0.5,-0.00401962,-0.165866,-0.165866,0.00601471
9,0.5,-0.00365617,-0.150794,-0.150794,0.00547071
9.1,0.5,-0.00329248,-0.135734,-0.135734,0.00492611
9.2,0.5,-0.00292922,-0.1207,-0.1207,0.00438168
9.3,0.5,-0.00256756,-0.105722,-0.105722,0.00383865
9.4,0.5,-0.00220945,-0.0908497,-0.0908497,0.00329905
9.5,0.5,-0.00185786,-0.0761629,-0.0761629,0.00276589
9.6,0.5,-0.00151631,-0.0617563,-0.0617563,0.00224276
9.7,0.5,-0.00118635,-0.0476709,-0.0476709,0.00173124
9.8,0.5,-0.000859952,-0.0336842,-0.0336842,0.00122334
9.9,0.5,-0.00050205,-0.018829,-0.018829,0.000684056
10,0.5,-2.00E-05,-0.000550758,-0.000550758,2.08E-05
0,0.6,5.2482,1.38937,1.38937,2.24877
0.1,0.6,5.62064,-0.351397,-0.351397,1.31141
0.2,0.6,5.82739,-1.19634,-1.19634,0.573912
0.3,0.6,5.8265,-1.48134,-1.48134,0.157096
0.4,0.6,5.7021,-1.51972,-1.51972,-0.0154148
0.5,0.6,5.53998,-1.48208,-1.48208,-0.0623099
0.6,0.6,5.38192,-1.43499,-1.43499,-0.061495
0.7,0.6,5.23882,-1.39674,-1.39674,-0.0487547
0.8,0.6,5.10921,-1.36858,-1.36858,-0.0365255
0.9,0.6,4.98894,-1.34752,-1.34752,-0.0275369
1,0.6,4.87454,-1.33061,-1.33061,-0.0214099
1.1,0.6,4.76381,-1.31583,-1.31583,-0.0171895
1.2,0.6,4.65548,-1.30202,-1.30202,-0.0140963
1.3,0.6,4.54894,-1.28856,-1.28856,-0.0116352
1.4,0.6,4.44387,-1.27518,-1.27518,-0.00952859
1.5,0.6,4.34014,-1.26175,-1.26175,-0.00763258
1.6,0.6,4.23769,-1.24822,-1.24822,-0.00587633
1.7,0.6,4.13651,-1.23457,-1.23457,-0.00422596
1.8,0.6,4.03657,-1.22082,-1.22082,-0.00266513
1.9,0.6,3.93788,-1.20697,-1.20697,-0.00118548
2,0.6,3.84043,-1.19302,-1.19302,0.000217811
2.1,0.6,3.74423,-1.17897,-1.17897,0.00154802
2.2,0.6,3.64927,-1.16484,-1.16484,0.00280767
2.3,0.6,3.55556,-1.15062,-1.15062,0.00399894
2.4,0.6,3.46308,-1.13633,-1.13633,0.00512377
2.5,0.6,3.37184,-1.12196,-1.12196,0.00618396
2.6,0.6,3.28185,-1.10752,-1.10752,0.00718124
2.7,0.6,3.19309,-1.09302,-1.09302,0.00811726
2.8,0.6,3.10557,-1.07845,-1.07845,0.00899365
2.9,0.6,3.01929,-1.06382,-1.06382,0.00981197
3,0.6,2.93424,-1.04914,-1.04914,0.0105738
3.1,0.6,2.85042,-1.0344,-1.0344,0.0112807
3.2,0.6,2.76784,-1.01961,-1.01961,0.0119342
3.3,0.6,2.68649,-1.00478,-1.00478,0.0125358
3.4,0.6,2.60638,-0.9899,-0.9899,0.013087
3.5,0.6,2.52749,-0.974982,-0.974982,0.0135892
3.6,0.6,2.44984,-0.960026,-0.960026,0.0140441
3.7,0.6,2.37341,-0.945036,-0.945036,0.0144529
3.8,0.6,2.29821,-0.930013,-0.930013,0.0148171
3.9,0.6,2.22424,-0.91496,-0.91496,0.0151382
4,0.6,2.15149,-0.899879,-0.899879,0.0154175
4.1,0.6,2.07997,-0.884774,-0.884774,0.0156564
4.2,0.6,2.00968,-0.869647,-0.869647,0.0158562
4.3,0.6,1.9406,-0.854499,-0.854499,0.0160183
4.4,0.6,1.87276,-0.839332,-0.839332,0.016144
4.5,0.6,1.80613,-0.82415,-0.82415,0.0162345
4.6,0.6,1.74072,-0.808954,-0.808954,0.0162912
4.7,0.6,1.67654,-0.793746,-0.793746,0.0163152
4.8,0.6,1.61357,-0.778527,-0.778527,0.0163078
4.9,0.6,1.55182,-0.7633,-0.7633,0.0162702
5,0.6,1.49129,-0.748067,-0.748067,0.0162036
5.1,0.6,1.43198,-0.732828,-0.732828,0.016109
5.2,0.6,1.37389,-0.717586,-0.717586,0.0159877
5.3,0.6,1.31701,-0.702343,-0.702343,0.0158408
5.4,0.6,1.26134,-0.687098,-0.687098,0.0156693
5.5,0.6,1.20689,-0.671855,-0.671855,0.0154743
5.6,0.6,1.15366,-0.656614,-0.656614,0.0152569
5.7,0.6,1.10163,-0.641377,-0.641377,0.015018
5.8,0.6,1.05082,-0.626145,-0.626145,0.0147586
5.9,0.6,1.00123,-0.610918,-0.610918,0.0144798
6,0.6,0.95284,-0.595699,-0.595699,0.0141825
6.1,0.6,0.905664,-0.580488,-0.580488,0.0138675
6.2,0.6,0.859699,-0.565286,-0.565286,0.0135359
6.3,0.6,0.814943,-0.550094,-0.550094,0.0131885
6.4,0.6,0.771396,-0.534914,-0.534914,0.0128261
6.5,0.6,0.729058,-0.519745,-0.519745,0.0124496
6.6,0.6,0.687928,-0.504589,-0.504589,0.0120597
6.7,0.6,0.648006,-0.489446,-0.489446,0.0116573
6.8,0.6,0.60929,-0.474318,-0.474318,0.0112432
6.9,0.6,0.571782,-0.459204,-0.459204,0.010818
7,0.6,0.535479,-0.444107,-0.444107,0.0103826
7.1,0.6,0.500382,-0.429025,-0.429025,0.00993748
7.2,0.6,0.466491,-0.413959,-0.413959,0.00948345
7.3,0.6,0.433804,-0.398911,-0.398911,0.00902112
7.4,0.6,0.402322,-0.383881,-0.383881,0.00855112
7.5,0.6,0.372044,-0.368869,-0.368869,0.00807404
7.6,0.6,0.34297,-0.353875,-0.353875,0.00759047
7.7,0.6,0.315099,-0.3389,-0.3389,0.00710095
7.8,0.6,0.288431,-0.323945,-0.323945,0.00660603
7.9,0.6,0.262966,-0.309009,-0.309009,0.0061062
8,0.6,0.238703,-0.294092,-0.294092,0.00560195
8.1,0.6,0.215643,-0.279196,-0.279196,0.00509375
8.2,0.6,0.193784,-0.264321,-0.264321,0.00458202
8.3,0.6,0.173127,-0.249465,-0.249465,0.00406718
8.4,0.6,0.153672,-0.234631,-0.234631,0.00354961
8.5,0.6,0.135417,-0.219817,-0.219817,0.0030297
8.6,0.6,0.118364,-0.205025,-0.205025,0.00250783
8.7,0.6,0.102512,-0.190253,-0.190253,0.00198449
8.8,0.6,0.0878593,-0.175504,-0.175504,0.00146043
8.9,0.6,0.0744066,-0.160776,-0.160776,0.000937025
9,0.6,0.0621512,-0.146073,-0.146073,0.000417001
9.1,0.6,0.0510881,-0.1314,-0.1314,-9.43E-05
9.2,0.6,0.0412064,-0.116765,-0.116765,-0.000586667
9.3,0.6,0.0324836,-0.10219,-0.10219,-0.00104289
9.4,0.6,0.0248768,-0.0877118,-0.0877118,-0.00143718
9.5,0.6,0.0183129,-0.0733892,-0.0733892,-0.00174179
9.6,0.6,0.0126835,-0.0593008,-0.0593008,-0.0019566
9.7,0.6,0.00786865,-0.045498,-0.045498,-0.00219504
9.8,0.6,0.0038319,-0.0318494,-0.0318494,-0.00287853
9.9,0.6,0.000847884,-0.0176295,-0.0176295,-0.00508722
10,0.6,-0.000208149,-0.000683518,-0.000683518,-0.0109926
0,0.7,10.5403,0.756893,0.756893,4.5108
0.1,0.7,11.3574,-0.834289,-0.834289,2.44726
0.2,0.7,11.719,-1.31427,-1.31427,0.947016
0.3,0.7,11.621,-1.34489,-1.34489,0.218192
0.4,0.7,11.3282,-1.29514,-1.29514,-0.0377475
0.5,0.7,11.006,-1.25616,-1.25616,-0.0930306
0.6,0.7,10.7078,-1.23301,-1.23301,-0.0838563
0.7,0.7,10.4391,-1.21854,-1.21854,-0.0624968
0.8,0.7,10.1924,-1.20778,-1.20778,-0.0445347
0.9,0.7,9.95998,-1.19828,-1.19828,-0.0323634
1,0.7,9.73625,-1.18902,-1.18902,-0.0247063
1.1,0.7,9.51806,-1.17962,-1.17962,-0.019884
1.2,0.7,9.30372,-1.16994,-1.16994,-0.0166595
1.3,0.7,9.09242,-1.15997,-1.15997,-0.0142831
1.4,0.7,8.8838,-1.1497,-1.1497,-0.012348
1.5,0.7,8.67769,-1.13917,-1.13917,-0.0106501
1.6,0.7,8.47404,-1.1284,-1.1284,-0.00909294
1.7,0.7,8.27283,-1.11739,-1.11739,-0.00763341
1.8,0.7,8.07406,-1.10617,-1.10617,-0.00625263
1.9,0.7,7.87773,-1.09474,-1.09474,-0.00494229
2,0.7,7.68383,-1.08313,-1.08313,-0.00369833
2.1,0.7,7.49236,-1.07133,-1.07133,-0.00251833
2.2,0.7,7.30333,-1.05936,-1.05936,-0.00140045
2.3,0.7,7.11674,-1.04722,-1.04722,-0.000343088
2.4,0.7,6.93258,-1.03493,-1.03493,0.000655271
2.5,0.7,6.75085,-1.02249,-1.02249,0.00159609
2.6,0.7,6.57156,-1.00991,-1.00991,0.00248081
2.7,0.7,6.3947,-0.997201,-0.997201,0.00331083
2.8,0.7,6.22028,-0.984361,-0.984361,0.00408753
2.9,0.7,6.04828,-0.971402,-0.971402,0.0048123
3,0.7,5.87871,-0.958331,-0.958331,0.0054865
3.1,0.7,5.71158,-0.945154,-0.945154,0.00611148
3.2,0.7,5.54687,-0.931877,-0.931877,0.00668859
3.3,0.7,5.38459,-0.918506,-0.918506,0.00721917
3.4,0.7,5.22473,-0.905048,-0.905048,0.00770455
3.5,0.7,5.06731,-0.891508,-0.891508,0.00814605
3.6,0.7,4.91231,-0.877893,-0.877893,0.00854497
3.7,0.7,4.75973,-0.864207,-0.864207,0.0089026
3.8,0.7,4.60958,-0.850455,-0.850455,0.00922024
3.9,0.7,4.46185,-0.836644,-0.836644,0.00949913
4,0.7,4.31654,-0.822777,-0.822777,0.00974054
4.1,0.7,4.17365,-0.80886,-0.80886,0.00994569
4.2,0.7,4.03319,-0.794898,-0.794898,0.0101158
4.3,0.7,3.89514,-0.780894,-0.780894,0.0102521
4.4,0.7,3.75952,-0.766854,-0.766854,0.0103557
4.5,0.7,3.62631,-0.75278,-0.75278,0.0104279
4.6,0.7,3.49552,-0.738679,-0.738679,0.0104697
4.7,0.7,3.36715,-0.724552,-0.724552,0.0104823
4.8,0.7,3.24119,-0.710405,-0.710405,0.0104668
4.9,0.7,3.11765,-0.69624,-0.69624,0.0104243
5,0.7,2.99653,-0.682061,-0.682061,0.0103559
5.1,0.7,2.87782,-0.667872,-0.667872,0.0102626
5.2,0.7,2.76152,-0.653675,-0.653675,0.0101455
5.3,0.7,2.64764,-0.639474,-0.639474,0.0100056
5.4,0.7,2.53617,-0.625272,-0.625272,0.00984377
5.5,0.7,2.42711,-0.611071,-0.611071,0.00966111
5.6,0.7,2.32047,-0.596875,-0.596875,0.00945854
5.7,0.7,2.21623,-0.582685,-0.582685,0.00923699
5.8,0.7,2.11441,-0.568504,-0.568504,0.00899737
5.9,0.7,2.01499,-0.554335,-0.554335,0.00874056
6,0.7,1.91799,-0.54018,-0.54018,0.00846744
6.1,0.7,1.82339,-0.52604,-0.52604,0.00817885
6.2,0.7,1.7312,-0.511919,-0.511919,0.00787561
6.3,0.7,1.64142,-0.497818,-0.497818,0.00755852
6.4,0.7,1.55404,-0.483738,-0.483738,0.00722838
6.5,0.7,1.46908,-0.469682,-0.469682,0.00688593
6.6,0.7,1.38652,-0.455651,-0.455651,0.00653192
6.7,0.7,1.30636,-0.441647,-0.441647,0.00616707
6.8,0.7,1.22861,-0.42767,-0.42767,0.00579206
6.9,0.7,1.15327,-0.413723,-0.413723,0.00540757
7,0.7,1.08033,-0.399807,-0.399807,0.00501426
7.1,0.7,1.00979,-0.385923,-0.385923,0.00461275
7.2,0.7,0.941659,-0.372072,-0.372072,0.00420365
7.3,0.7,0.87593,-0.358255,-0.358255,0.00378755
7.4,0.7,0.812605,-0.344474,-0.344474,0.00336501
7.5,0.7,0.751683,-0.330728,-0.330728,0.00293659
7.6,0.7,0.693163,-0.317019,-0.317019,0.00250279
7.7,0.7,0.637045,-0.303348,-0.303348,0.00206412
7.8,0.7,0.583329,-0.289715,-0.289715,0.00162105
7.9,0.7,0.532015,-0.276121,-0.276121,0.00117406
8,0.7,0.483102,-0.262567,-0.262567,0.000723567
8.1,0.7,0.436591,-0.249053,-0.249053,0.000269987
8.2,0.7,0.39248,-0.235579,-0.235579,-0.000186291
8.3,0.7,0.35077,-0.222147,-0.222147,-0.000644902
8.4,0.7,0.31146,-0.208755,-0.208755,-0.0011055
8.5,0.7,0.274551,-0.195406,-0.195406,-0.00156776
8.6,0.7,0.240042,-0.182099,-0.182099,-0.0020313
8.7,0.7,0.207933,-0.168834,-0.168834,-0.00249564
8.8,0.7,0.178224,-0.155612,-0.155612,-0.00295992
8.9,0.7,0.150914,-0.142432,-0.142432,-0.00342243
9,0.7,0.126,-0.129294,-0.129294,-0.00387959
9.1,0.7,0.103477,-0.116199,-0.116199,-0.00432409
9.2,0.7,0.0833319,-0.103146,-0.103146,-0.00474187
9.3,0.7,0.0655353,-0.0901351,-0.0901351,-0.00510814
9.4,0.7,0.0500303,-0.0771707,-0.0771707,-0.00538459
9.5,0.7,0.0367124,-0.0642633,-0.0642633,-0.0055262
9.6,0.7,0.0254133,-0.0514407,-0.0514407,-0.0055206
9.7,0.7,0.0159136,-0.0387581,-0.0387581,-0.00551519
9.8,0.7,0.008064,-0.0262784,-0.0262784,-0.00614018
9.9,0.7,0.00216396,-0.0138909,-0.0138909,-0.00918604
10,0.7,-0.000363758,-0.000615642,-0.000615642,-0.0186824
0,0.8,15.9938,-0.499866,-0.499866,6.80334
0.1,0.8,17.4637,-1.64448,-1.64448,3.04081
0.2,0.8,17.7081,-1.29565,-1.29565,0.847592
0.3,0.8,17.2984,-0.994019,-0.994019,0.108629
0.4,0.8,16.8069,-0.901559,-0.901559,-0.075645
0.5,0.8,16.3624,-0.89824,-0.89824,-0.0947761
0.6,0.8,15.9659,-0.915578,-0.915578,-0.0751918
0.7,0.8,15.6006,-0.930669,-0.930669,-0.0534691
0.8,0.8,15.2539,-0.939082,-0.939082,-0.0377013
0.9,0.8,14.9182,-0.941859,-0.941859,-0.0277289
1,0.8,14.5895,-0.940888,-0.940888,-0.0217089
1.1,0.8,14.2658,-0.937638,-0.937638,-0.0180134
1.2,0.8,13.9464,-0.93303,-0.93303,-0.0155727
1.3,0.8,13.6308,-0.927573,-0.927573,-0.0137751
1.4,0.8,13.3188,-0.921536,-0.921536,-0.0123023
1.5,0.8,13.0105,-0.915054,-0.915054,-0.0109997
1.6,0.8,12.7058,-0.908195,-0.908195,-0.0097974
1.7,0.8,12.4047,-0.900997,-0.900997,-0.00866524
1.8,0.8,12.1072,-0.893483,-0.893483,-0.00759094
1.9,0.8,11.8133,-0.88567,-0.88567,-0.00656952
2,0.8,11.523,-0.877574,-0.877574,-0.00559874
2.1,0.8,11.2364,-0.869207,-0.869207,-0.00467729
2.2,0.8,10.9534,-0.860583,-0.860583,-0.00380412
2.3,0.8,10.674,-0.851713,-0.851713,-0.00297822
2.4,0.8,10.3982,-0.842611,-0.842611,-0.00219857
2.5,0.8,10.1261,-0.833286,-0.833286,-0.00146416
2.6,0.8,9.8576,-0.823751,-0.823751,-0.000773951
2.7,0.8,9.5927,-0.814017,-0.814017,-0.000126918
2.8,0.8,9.33143,-0.804093,-0.804093,0.000477973
2.9,0.8,9.07379,-0.793991,-0.793991,0.00104176
3,0.8,8.81976,-0.783721,-0.783721,0.00156548
3.1,0.8,8.56935,-0.773292,-0.773292,0.00205016
3.2,0.8,8.32256,-0.762713,-0.762713,0.00249686
3.3,0.8,8.07939,-0.751994,-0.751994,0.00290661
3.4,0.8,7.83984,-0.741145,-0.741145,0.00328044
3.5,0.8,7.60391,-0.730173,-0.730173,0.00361939
3.6,0.8,7.37159,-0.719087,-0.719087,0.00392449
3.7,0.8,7.14289,-0.707896,-0.707896,0.00419676
3.8,0.8,6.91781,-0.696606,-0.696606,0.00443721
3.9,0.8,6.69635,-0.685227,-0.685227,0.00464686
4,0.8,6.4785,-0.673765,-0.673765,0.00482671
4.1,0.8,6.26426,-0.662228,-0.662228,0.00497774
4.2,0.8,6.05364,-0.650622,-0.650622,0.00510093
4.3,0.8,5.84663,-0.638954,-0.638954,0.00519727
4.4,0.8,5.64324,-0.627231,-0.627231,0.00526769
4.5,0.8,5.44345,-0.615459,-0.615459,0.00531315
4.6,0.8,5.24728,-0.603644,-0.603644,0.00533458
4.7,0.8,5.05473,-0.591792,-0.591792,0.0053329
4.8,0.8,4.86578,-0.579908,-0.579908,0.00530902
4.9,0.8,4.68044,-0.567999,-0.567999,0.00526382
5,0.8,4.49872,-0.556068,-0.556068,0.00519817
5.1,0.8,4.3206,-0.544121,-0.544121,0.00511295
5.2,0.8,4.14609,-0.532164,-0.532164,0.00500899
5.3,0.8,3.97519,-0.5202,-0.5202,0.00488713
5.4,0.8,3.8079,-0.508234,-0.508234,0.00474817
5.5,0.8,3.64422,-0.49627,-0.49627,0.00459292
5.6,0.8,3.48414,-0.484312,-0.484312,0.00442214
5.7,0.8,3.32768,-0.472364,-0.472364,0.00423661
5.8,0.8,3.17481,-0.46043,-0.46043,0.00403707
5.9,0.8,3.02556,-0.448513,-0.448513,0.00382424
6,0.8,2.87991,-0.436617,-0.436617,0.00359884
6.1,0.8,2.73786,-0.424745,-0.424745,0.00336155
6.2,0.8,2.59942,-0.4129,-0.4129,0.00311306
6.3,0.8,2.46458,-0.401085,-0.401085,0.00285401
6.4,0.8,2.33335,-0.389302,-0.389302,0.00258505
6.5,0.8,2.20573,-0.377555,-0.377555,0.0023068
6.6,0.8,2.0817,-0.365845,-0.365845,0.00201985
6.7,0.8,1.96128,-0.354175,-0.354175,0.00172479
6.8,0.8,1.84446,-0.342548,-0.342548,0.00142219
6.9,0.8,1.73125,-0.330964,-0.330964,0.00111259
7,0.8,1.62163,-0.319427,-0.319427,0.000796518
7.1,0.8,1.51562,-0.307937,-0.307937,0.000474491
7.2,0.8,1.41321,-0.296498,-0.296498,0.000146998
7.3,0.8,1.3144,-0.285109,-0.285109,-0.000185487
7.4,0.8,1.2192,-0.273773,-0.273773,-0.000522507
7.5,0.8,1.12759,-0.262492,-0.262492,-0.000863626
7.6,0.8,1.03958,-0.251265,-0.251265,-0.00120842
7.7,0.8,0.95518,-0.240095,-0.240095,-0.0015565
7.8,0.8,0.874375,-0.228983,-0.228983,-0.00190746
7.9,0.8,0.797171,-0.217929,-0.217929,-0.00226095
8,0.8,0.723567,-0.206935,-0.206935,-0.00261662
8.1,0.8,0.653562,-0.196001,-0.196001,-0.00297415
8.2,0.8,0.587157,-0.185128,-0.185128,-0.00333321
8.3,0.8,0.524352,-0.174316,-0.174316,-0.00369352
8.4,0.8,0.465146,-0.163567,-0.163567,-0.00405482
8.5,0.8,0.409539,-0.152881,-0.152881,-0.00441684
8.6,0.8,0.357531,-0.142257,-0.142257,-0.00477931
8.7,0.8,0.309123,-0.131698,-0.131698,-0.00514188
8.8,0.8,0.264313,-0.121202,-0.121202,-0.00550395
8.9,0.8,0.223103,-0.110769,-0.110769,-0.00586429
9,0.8,0.185491,-0.100398,-0.100398,-0.00622032
9.1,0.8,0.151475,-0.0900839,-0.0900839,-0.00656661
9.2,0.8,0.121051,-0.0798188,-0.0798188,-0.00689237
9.3,0.8,0.0942041,-0.0695852,-0.0695852,-0.00717782
9.4,0.8,0.0709037,-0.0593527,-0.0593527,-0.00739034
9.5,0.8,0.0510838,-0.0490757,-0.0490757,-0.00748611
9.6,0.8,0.034616,-0.0387036,-0.0387036,-0.00743459
9.7,0.8,0.0212808,-0.0282334,-0.0282334,-0.00731771
9.8,0.8,0.0107977,-0.0178521,-0.0178521,-0.00764293
9.9,0.8,0.00313883,-0.0081722,-0.0081722,-0.0101965
10,0.8,-0.000417787,-0.000244322,-0.000244322,-0.0199532
0,0.9,22.7056,-3.09469,-3.09469,8.9939
0.1,0.9,24.0864,-2.19018,-2.19018,1.73429
0.2,0.9,23.3236,-0.693679,-0.693679,0.205454
0.3,0.9,22.5726,-0.40151,-0.40151,-0.0379802
0.4,0.9,22.0481,-0.417176,-0.417176,-0.0614438
0.5,0.9,21.5991,-0.476543,-0.476543,-0.0500614
0.6,0.9,21.1661,-0.5248,-0.5248,-0.036151
0.7,0.9,20.7336,-0.555818,-0.555818,-0.0258406
0.8,0.9,20.2997,-0.573772,-0.573772,-0.0192413
0.9,0.9,19.866,-0.58352,-0.58352,-0.0152363
1,0.9,19.4344,-0.588532,-0.588532,-0.0127869
1.1,0.9,19.0061,-0.590889,-0.590889,-0.0111903
1.2,0.9,18.5818,-0.591725,-0.591725,-0.0100347
1.3,0.9,18.1619,-0.591616,-0.591616,-0.00910132
1.4,0.9,17.7467,-0.590838,-0.590838,-0.00828212
1.5,0.9,17.3362,-0.589525,-0.589525,-0.0075275
1.6,0.9,16.9305,-0.58774,-0.58774,-0.00681613
1.7,0.9,16.5296,-0.58552,-0.58552,-0.00613949
1.8,0.9,16.1335,-0.582887,-0.582887,-0.0054944
1.9,0.9,15.7422,-0.579862,-0.579862,-0.00487968
2,0.9,15.3557,-0.576461,-0.576461,-0.00429481
2.1,0.9,14.974,-0.572702,-0.572702,-0.00373943
2.2,0.9,14.5971,-0.568602,-0.568602,-0.00321317
2.3,0.9,14.225,-0.564176,-0.564176,-0.00271559
2.4,0.9,13.8577,-0.559439,-0.559439,-0.00224626
2.5,0.9,13.4952,-0.554409,-0.554409,-0.00180467
2.6,0.9,13.1376,-0.549098,-0.549098,-0.00139032
2.7,0.9,12.7847,-0.543522,-0.543522,-0.00100266
2.8,0.9,12.4367,-0.537696,-0.537696,-0.000641151
2.9,0.9,12.0934,-0.531631,-0.531631,-0.000305214
3,0.9,11.755,-0.525343,-0.525343,5.73E-06
3.1,0.9,11.4214,-0.518844,-0.518844,0.000292281
3.2,0.9,11.0925,-0.512147,-0.512147,0.000555041
3.3,0.9,10.7685,-0.505264,-0.505264,0.000794625
3.4,0.9,10.4493,-0.498206,-0.498206,0.00101166
3.5,0.9,10.1349,-0.490986,-0.490986,0.00120676
3.6,0.9,9.82532,-0.483615,-0.483615,0.00138058
3.7,0.9,9.52053,-0.476103,-0.476103,0.00153375
3.8,0.9,9.22054,-0.468462,-0.468462,0.00166689
3.9,0.9,8.92536,-0.460701,-0.460701,0.00178067
4,0.9,8.63499,-0.45283,-0.45283,0.0018757
4.1,0.9,8.34941,-0.444859,-0.444859,0.00195263
4.2,0.9,8.06865,-0.436797,-0.436797,0.00201209
4.3,0.9,7.79269,-0.428653,-0.428653,0.00205472
4.4,0.9,7.52153,-0.420436,-0.420436,0.00208114
4.5,0.9,7.25518,-0.412154,-0.412154,0.00209197
4.6,0.9,6.99363,-0.403815,-0.403815,0.00208782
4.7,0.9,6.73688,-0.395426,-0.395426,0.00206931
4.8,0.9,6.48494,-0.386996,-0.386996,0.00203704
4.9,0.9,6.2378,-0.378532,-0.378532,0.0019916
5,0.9,5.99547,-0.37004,-0.37004,0.00193358
5.1,0.9,5.75793,-0.361527,-0.361527,0.00186355
5.2,0.9,5.5252,-0.353,-0.353,0.00178207
5.3,0.9,5.29727,-0.344464,-0.344464,0.00168971
5.4,0.9,5.07414,-0.335926,-0.335926,0.00158701
5.5,0.9,4.85582,-0.327391,-0.327391,0.0014745
5.6,0.9,4.64229,-0.318865,-0.318865,0.00135271
5.7,0.9,4.43357,-0.310352,-0.310352,0.00122216
5.8,0.9,4.22965,-0.301858,-0.301858,0.00108333
5.9,0.9,4.03053,-0.293387,-0.293387,0.000936728
6,0.9,3.83621,-0.284944,-0.284944,0.000782821
6.1,0.9,3.64669,-0.276533,-0.276533,0.000622074
6.2,0.9,3.46197,-0.268159,-0.268159,0.00045494
6.3,0.9,3.28205,-0.259824,-0.259824,0.000281857
6.4,0.9,3.10693,-0.251534,-0.251534,0.000103252
6.5,0.9,2.93661,-0.24329,-0.24329,-8.05E-05
6.6,0.9,2.77109,-0.235097,-0.235097,-0.000268889
6.7,0.9,2.61037,-0.226957,-0.226957,-0.000461637
6.8,0.9,2.45445,-0.218874,-0.218874,-0.000658334
6.9,0.9,2.30332,-0.21085,-0.21085,-0.000858619
7,0.9,2.157,-0.202888,-0.202888,-0.00106214
7.1,0.9,2.01548,-0.19499,-0.19499,-0.00126857
7.2,0.9,1.87875,-0.187158,-0.187158,-0.00147758
7.3,0.9,1.74682,-0.179395,-0.179395,-0.00168887
7.4,0.9,1.6197,-0.171702,-0.171702,-0.00190213
7.5,0.9,1.49737,-0.164082,-0.164082,-0.00211709
7.6,0.9,1.37984,-0.156535,-0.156535,-0.00233347
7.7,0.9,1.2671,-0.149065,-0.149065,-0.00255102
7.8,0.9,1.15917,-0.141671,-0.141671,-0.00276948
7.9,0.9,1.05603,-0.134355,-0.134355,-0.00298864
8,0.9,0.957697,-0.127119,-0.127119,-0.00320826
8.1,0.9,0.864158,-0.119963,-0.119963,-0.00342813
8.2,0.9,0.775416,-0.112889,-0.112889,-0.00364807
8.3,0.9,0.691473,-0.105897,-0.105897,-0.00386789
8.4,0.9,0.612328,-0.0989887,-0.0989887,-0.00408742
8.5,0.9,0.53798,-0.092164,-0.092164,-0.0043065
8.6,0.9,0.468431,-0.0854238,-0.0854238,-0.00452498
8.7,0.9,0.403679,-0.0787686,-0.0787686,-0.00474269
8.8,0.9,0.343725,-0.0721987,-0.0721987,-0.00495941
8.9,0.9,0.28857,-0.065714,-0.065714,-0.00517473
9,0.9,0.238214,-0.0593132,-0.0593132,-0.00538785
9.1,0.9,0.192662,-0.0529924,-0.0529924,-0.00559706
9.2,0.9,0.151919,-0.046743,-0.046743,-0.00579884
9.3,0.9,0.116001,-0.0405456,-0.0405456,-0.00598642
9.4,0.9,0.0849311,-0.0343632,-0.0343632,-0.00614773
9.5,0.9,0.058751,-0.0281296,-0.0281296,-0.00626394
9.6,0.9,0.0375112,-0.0217439,-0.0217439,-0.00631312
9.7,0.9,0.0212346,-0.0150995,-0.0150995,-0.00629693
9.8,0.9,0.00979143,-0.00825453,-0.00825453,-0.0063664
9.9,0.9,0.00272168,-0.00205625,-0.00205625,-0.00738973
10,0.9,-0.00017704,0.0005105,0.0005105,-0.0126178
0,1,40.6717,-8.65781,-8.65781,12.2439
0.1,1,26.3584,1.01948,1.01948,-0.616953
0.2,1,27.2468,0.179087,0.179087,-0.178219
0.3,1,27.3445,0.00540452,0.00540452,-0.015918
0.4,1,27.1646,-0.0468636,-0.0468636,0.00301883
0.5,1,26.8194,-0.0734615,-0.0734615,0.00401776
0.6,1,26.3735,-0.0907724,-0.0907724,0.00283847
0.7,1,25.8729,-0.103722,-0.103722,0.0017416
0.8,1,25.3464,-0.114355,-0.114355,0.00104803
0.9,1,24.8101,-0.1236,-0.1236,0.000691669
1,1,24.2726,-0.13188,-0.13188,0.000552739
1.1,1,23.738,-0.139389,-0.139389,0.000537279
1.2,1,23.2081,-0.146217,-0.146217,0.00058595
1.3,1,22.6837,-0.152413,-0.152413,0.000665307
1.4,1,22.1651,-0.158006,-0.158006,0.000757869
1.5,1,21.6525,-0.163022,-0.163022,0.000854965
1.6,1,21.1459,-0.167482,-0.167482,0.000952412
1.7,1,20.6453,-0.17141,-0.17141,0.00104818
1.8,1,20.1507,-0.174827,-0.174827,0.0011412
1.9,1,19.662,-0.177755,-0.177755,0.00123085
2,1,19.1794,-0.180216,-0.180216,0.00131668
2.1,1,18.7027,-0.182231,-0.182231,0.00139835
2.2,1,18.232,-0.18382,-0.18382,0.00147558
2.3,1,17.7673,-0.185003,-0.185003,0.00154811
2.4,1,17.3086,-0.185801,-0.185801,0.00161576
2.5,1,16.8559,-0.186231,-0.186231,0.00167836
2.6,1,16.4091,-0.186314,-0.186314,0.00173579
2.7,1,15.9684,-0.186066,-0.186066,0.00178797
2.8,1,15.5336,-0.185506,-0.185506,0.00183482
2.9,1,15.1048,-0.184651,-0.184651,0.00187634
3,1,14.682,-0.183516,-0.183516,0.0019125
3.1,1,14.2652,-0.18212,-0.18212,0.00194335
3.2,1,13.8544,-0.180477,-0.180477,0.00196892
3.3,1,13.4496,-0.178602,-0.178602,0.00198929
3.4,1,13.0508,-0.176511,-0.176511,0.00200453
3.5,1,12.658,-0.174218,-0.174218,0.00201477
3.6,1,12.2711,-0.171738,-0.171738,0.0020201
3.7,1,11.8902,-0.169082,-0.169082,0.00202068
3.8,1,11.5154,-0.166265,-0.166265,0.00201664
3.9,1,11.1465,-0.1633,-0.1633,0.00200814
4,1,10.7836,-0.160199,-0.160199,0.00199534
4.1,1,10.4267,-0.156973,-0.156973,0.00197843
4.2,1,10.0758,-0.153635,-0.153635,0.00195758
4.3,1,9.73093,-0.150195,-0.150195,0.00193297
4.4,1,9.39202,-0.146664,-0.146664,0.00190481
4.5,1,9.0591,-0.143053,-0.143053,0.00187328
4.6,1,8.73217,-0.139371,-0.139371,0.00183858
4.7,1,8.41124,-0.135629,-0.135629,0.00180092
4.8,1,8.09629,-0.131836,-0.131836,0.0017605
4.9,1,7.78735,-0.128,-0.128,0.00171751
5,1,7.48439,-0.12413,-0.12413,0.00167215
5.1,1,7.18743,-0.120235,-0.120235,0.00162464
5.2,1,6.89646,-0.116323,-0.116323,0.00157515
5.3,1,6.61149,-0.112401,-0.112401,0.0015239
5.4,1,6.33251,-0.108477,-0.108477,0.00147107
5.5,1,6.05952,-0.104557,-0.104557,0.00141684
5.6,1,5.79253,-0.100648,-0.100648,0.00136142
5.7,1,5.53153,-0.0967577,-0.0967577,0.00130497
5.8,1,5.27652,-0.092891,-0.092891,0.00124768
5.9,1,5.02751,-0.0890541,-0.0890541,0.00118972
6,1,4.7845,-0.0852526,-0.0852526,0.00113125
6.1,1,4.54747,-0.0814919,-0.0814919,0.00107244
6.2,1,4.31645,-0.077777,-0.077777,0.00101345
6.3,1,4.09141,-0.0741127,-0.0741127,0.000954412
6.4,1,3.87237,-0.0705036,-0.0705036,0.000895489
6.5,1,3.65933,-0.066954,-0.066954,0.000836814
6.6,1,3.45228,-0.063468,-0.063468,0.000778521
6.7,1,3.25123,-0.0600494,-0.0600494,0.000720737
6.8,1,3.05617,-0.0567019,-0.0567019,0.000663584
6.9,1,2.8671,-0.0534289,-0.0534289,0.000607176
7,1,2.68403,-0.0502336,-0.0502336,0.000551624
7.1,1,2.50696,-0.0471189,-0.0471189,0.00049703
7.2,1,2.33588,-0.0440878,-0.0440878,0.000443491
7.3,1,2.1708,-0.0411428,-0.0411428,0.0003911
7.4,1,2.01171,-0.0382864,-0.0382864,0.000339941
7.5,1,1.85862,-0.0355208,-0.0355208,0.000290094
7.6,1,1.71152,-0.032848,-0.032848,0.000241635
7.7,1,1.57042,-0.0302701,-0.0302701,0.000194631
7.8,1,1.43532,-0.0277887,-0.0277887,0.000149148
7.9,1,1.30621,-0.0254056,-0.0254056,0.000105242
8,1,1.1831,-0.0231221,-0.0231221,6.30E-05
8.1,1,1.06598,-0.0209396,-0.0209396,2.24E-05
8.2,1,0.954859,-0.0188593,-0.0188593,-1.65E-05
8.3,1,0.849735,-0.0168823,-0.0168823,-5.36E-05
8.4,1,0.750608,-0.0150095,-0.0150095,-8.89E-05
8.5,1,0.657477,-0.0132418,-0.0132418,-0.000122356
8.6,1,0.570342,-0.0115799,-0.0115799,-0.00015396
8.7,1,0.489203,-0.0100245,-0.0100245,-0.000183685
8.8,1,0.41406,-0.0085762,-0.0085762,-0.000211528
8.9,1,0.344914,-0.00723543,-0.00723543,-0.000237526
9,1,0.281764,-0.00600268,-0.00600268,-0.00026179
9.1,1,0.224616,-0.00487835,-0.00487835,-0.000284595
9.2,1,0.17348,-0.0038627,-0.0038627,-0.000306519
9.3,1,0.128385,-0.00295572,-0.00295572,-0.000328681
9.4,1,0.0893991,-0.00215646,-0.00215646,-0.00035301
9.5,1,0.0566667,-0.00146154,-0.00146154,-0.000382313
9.6,1,0.0304763,-0.000861394,-0.000861394,-0.000419064
9.7,1,0.0113538,-0.00033104,-0.00033104,-0.000458539
9.8,1,0.000127022,0.000191452,0.000191452,-0.000455219
9.9,1,-0.00241186,0.000790586,0.000790586,-0.000227663
10,1,-0.000168727,0.000309095,0.000309095,-0.000189115